nct_id,title,condition,phase,sponsor,status,start_date,completion_date,first_posted_date,last_update_posted_date
NCT07051525,Early Versus Late Stopping of Antibiotics in Adults With High-risk Hematological Malignancies/Receiving Cellular Therapies and Fever,Leukemia,NA,"Peter MacCallum Cancer Centre, Australia",RECRUITING,2025-12-03,2028-02-05,2025-07-04,2025-12-15
NCT03763825,Mini-AFTERc Intervention for Fear of Cancer Recurrence,Breast Cancer,NA,University of St Andrews,UNKNOWN,2019-06-13,2020-09-01,2018-12-04,2019-05-31
NCT04074135,Natural History and Management of Von Hippel-Lindau (VHL) Associated Pancreatic Neuroendocrine Tumors,VHL Pancreatic Neuroendocrine Tumors,PHASE2,National Cancer Institute (NCI),RECRUITING,2020-06-02,2036-07-01,2019-08-29,2026-04-20
NCT06275035,Evaluation of Memantine in the Preservation of Memory and Neurocognition Following CSI,Neurocognitive Dysfunction,PHASE3,Tata Memorial Centre,RECRUITING,2024-02-22,2031-01,2024-02-23,2025-04-09
NCT03014076,Immunotherapy Vaccine and Herceptin in Breast Cancer,Breastcancer,PHASE1,"Cancer Insight, LLC",COMPLETED,2008-01,2017-01,2017-01-09,2017-01-09
NCT02416908,Study of CLAG + Selinexor in Relapsed or Refractory Acute Myeloid Leukemia,Acute Myeloid Leukemia,PHASE1,Washington University School of Medicine,COMPLETED,2015-06-16,2019-06-21,2015-04-15,2020-03-13
NCT07038317,A Text Messaging Trial to Test Vaping Health Messages Optimized to Young Adults' Vaping Status,Vaping Behaviors,NA,University of Hawaii,NOT_YET_RECRUITING,2026-06-30,2028-01-31,2025-06-26,2026-06-12
NCT00039117,"Oblimersen, Cytarabine, and Daunorubicin in Treating Older Patients With Acute Myeloid Leukemia",Adult Acute Myeloid Leukemia With 11q23 (MLL) Abnormalities,PHASE1,National Cancer Institute (NCI),COMPLETED,2002-04,,2003-01-27,2015-12-04
NCT03900117,Hypofractionated Radiotherapy Followed by Hypo-boost for Local Advanced NSCLC,Non-small Cell Lung Cancer,PHASE2,Sun Yat-sen University,COMPLETED,2019-03-01,2022-06-20,2019-04-02,2022-10-27
NCT00687440,A Study to Determine the Activity of Caelyx With Trastuzumab and Docetaxel in the Treatment of Metastatic Breast Cancer (Study P03679),Breast Neoplasm,PHASE2,Merck Sharp & Dohme LLC,COMPLETED,2005-07-15,2008-10-24,2008-05-30,2018-07-03
NCT01924689,Safety Study of Intratumoral Injection of Clostridium Novyi-NT Spores to Treat Patients With Solid Tumors That Have Not Responded to Standard Therapies,Solid Tumor Malignancies,PHASE1,"BioMed Valley Discoveries, Inc",COMPLETED,2013-10,2017-10-31,2013-08-16,2019-09-09
NCT05628350,Highly Processed Foods and Vascular Health,Cardiovascular Diseases,NA,Virginia Polytechnic Institute and State University,COMPLETED,2023-07-19,2025-09-30,2022-11-28,2026-01-22
NCT06392191,Comparison of Bupivacaine Liposomal vs Bupivacaine Combined With Dexamethasone for Postoperative Pain in VATS,Thoracic Surgery,NA,Affiliated Hospital of Jiaxing University,COMPLETED,2024-11-10,2025-05-02,2024-04-30,2025-07-01
NCT00401674,MITO-5: Weekly Carboplatin and Paclitaxel as First Line Chemotherapy for Elderly Patients With Ovarian Cancer,Ovarian Cancer,PHASE2,"National Cancer Institute, Naples",COMPLETED,2003-06,2008-06,2006-11-20,2016-01-14
NCT00006174,Effects of Letrozole on Precocious Puberty Due to McCune Albright Syndrome,McCune Albright Syndrome,PHASE1,National Institute of Dental and Craniofacial Research (NIDCR),COMPLETED,2000-08-03,2009-05-18,2000-08-14,2017-07-02
NCT03385018,Trial for Application of Laparoscopic Total Gastrectomy With Lymph Node Dissection for Gastric Cancer (KLASS-06),Gastric Cancer,NA,Yonsei University,RECRUITING,2018-04-05,2027-12-31,2017-12-28,2019-03-19
NCT00352118,Combination Chemotherapy and Radiation Therapy in Treating Patients With Locally Advanced Head and Neck Cancer,Head and Neck Cancer,PHASE2,"Masonic Cancer Center, University of Minnesota",TERMINATED,2006-03,2008-04,2006-07-14,2017-12-28
NCT03557918,Trial of Tremelimumab in Patients With Previously Treated Metastatic Urothelial Cancer,Urothelial Carcinoma,PHASE2,Matthew Galsky,COMPLETED,2018-11-12,2023-06-07,2018-06-15,2024-07-03
NCT06196918,Efficacy and Safety of Rivaroxaban in the Prevention of Venous Thromboembolism in Glioma Patients,"Glioma, Malignant",NA,"Nanfang Hospital, Southern Medical University",UNKNOWN,2023-11-01,2025-02-28,2024-01-09,2024-01-09
NCT00408590,"Recombinant Measles Virus Vaccine Therapy and Oncolytic Virus Therapy in Treating Patients With Progressive, Recurrent, or Refractory Ovarian Epithelial Cancer or Primary Peritoneal Cancer",Ovarian Cancer,PHASE1,Mayo Clinic,COMPLETED,2004-04-19,2017-11-07,2006-12-07,2024-01-16
NCT02548390,Study of Intravenous RXDX-107 in Patients With Solid Tumors,Solid Tumor,PHASE1,Hoffmann-La Roche,TERMINATED,2015-09,2016-09,2015-09-14,2019-04-25
NCT00459290,"Mifepristone in Treating Patients With Recurrent or Persistent Ovarian Epithelial, Primary Peritoneal, or Fallopian Tube Cancer",Fallopian Tube Cancer,PHASE2,Gynecologic Oncology Group,COMPLETED,2007-05,2010-07,2007-04-11,2018-07-18
NCT02227797,MT2013-37R: Voriconazole Monitoring in Pediatric Stem Cell Transplant Patients,Fungal Infection,PHASE1,"Masonic Cancer Center, University of Minnesota",COMPLETED,2015-01-19,2019-03-01,2014-08-28,2019-04-29
NCT04336397,Stool DNA to Improve Colorectal Cancer Screening Among Alaska Native People,Colorectal Cancer,NA,Alaska Native Tribal Health Consortium,COMPLETED,2021-04-29,2024-09-15,2020-04-07,2025-11-19
NCT06441110,Multicenter Clinical Trial on the Effectiveness and Safety of Instillation of BCG and Alternative BCG Protocols for Intermediate and High-risk Non-muscle Invasive Bladder Cancer,Urinary Bladder Neoplasms,PHASE3,Fujian Medical University Union Hospital,RECRUITING,2023-06-01,2035-06-01,2024-06-04,2024-06-04
NCT02213913,Lenalidomide and Combination Chemotherapy (DA-EPOCH-R) in Treating Patients With MYC-Associated B-Cell Lymphomas,Adult Grade III Lymphomatoid Granulomatosis,PHASE1,University of Chicago,COMPLETED,2014-07-29,2024-10-29,2014-08-12,2026-03-11
NCT04127760,Efficacy of Postoperative Radiotherapy for Atypical Meningioma Without Venous Sinus Invasion After Gross-total Resection,Meningioma Atypical,NA,"Second Affiliated Hospital, Zhejiang University, School of Medicine",NOT_YET_RECRUITING,2020-01-01,2033-01-01,2019-10-16,2019-10-16
NCT07588360,Haplo-Cord HSCT for AML/MDS,MDS (Myelodysplastic Syndrome),NA,Fujian Medical University Union Hospital,RECRUITING,2025-10-20,2029-06-30,2026-05-14,2026-06-10
NCT03391960,Passive Disinfection Cap Compliance Study,"Infection, Hospital",NA,Solventum US LLC,COMPLETED,2018-04-01,2018-10-31,2018-01-05,2024-10-02
NCT05359120,Pyrotinib Combined With Capecitabine in HER-2 Positive Advanced Breast Cancer and Brain Metastases (Post-PERMEATE),Breast Cancer,,Henan Cancer Hospital,UNKNOWN,2022-05-30,2024-05,2022-05-03,2022-09-19
NCT03836820,Effects of Clinical Pilates Exercises in Patients With Rheumatoid Arthritis,Rheumatoid Arthritis,NA,Gazi University,UNKNOWN,2018-12-24,2019-10,2019-02-11,2019-02-11
NCT00365820,Efficacy and Safety of Tegaserod in Opioid-induced Constipation in Patients With Non-cancer Pain,Constipation,PHASE2,Novartis,TERMINATED,2006-07,2007-04,2006-08-18,2012-04-20
NCT07310420,"A Trial to Evaluate Ovarian Suppression Following Subcutaneous ZOLADEX 10.8 mg in Premenopausal Women With HR+, HER2- Advanced Breast Cancer",Advanced Breast Cancer,PHASE1,TerSera Therapeutics LLC,RECRUITING,2026-08-30,2027-03-30,2025-12-30,2026-08-04
NCT05097820,Prospective Observational Study on SEBBIN Silicone Gel-filled Testicular Implants,Testicular Cancer,,"University Hospital, Ghent",RECRUITING,2021-02-05,2030-12-31,2021-10-28,2024-09-19
NCT05896020,A Study of SHR-A1811 in Subjects With Gynaecologic Oncology,Gynaecological Malignancies,PHASE2,"Jiangsu HengRui Medicine Co., Ltd.",UNKNOWN,2023-07-10,2026-06-15,2023-06-09,2023-08-22
NCT07617220,FIRST-Sask Study Protocol: A Remote Exercise Oncology Intervention,Exercise Oncology,NA,University of Saskatchewan,NOT_YET_RECRUITING,2026-05,2027-07-30,2026-06-01,2026-06-01
NCT02801682,NOBICS - NOvel BIomarker In Invasive CandidiasiS/Candida Sepsis,Invasive Candidiasis,,Medical University of Graz,COMPLETED,2016-06,2021-08,2016-06-16,2021-09-22
NCT00683059,Single Agent Abraxane as Second Line Therapy in Bladder Cancer,Transitional Cell Carcinoma,PHASE2,Sunnybrook Health Sciences Centre,COMPLETED,2008-03,2012-06,2008-05-23,2016-10-17
NCT00008359,Caspofungin Acetate Compared With Amphotericin B Liposomal in Treating Patients With Persistent Fever and Neutropenia Following Cancer Treatment,Cancer,PHASE3,Memorial Sloan Kettering Cancer Center,COMPLETED,2000-08,,2003-09-04,2013-01-18
NCT01231659,Safety and Efficacy of RAD001 (Everolimus) in Combination With Letrozole in the Treatment of Postmenopausal Women With Locally Advanced or Metastatic Breast Cancer,Postmenopausal Women,PHASE2,Novartis Pharmaceuticals,COMPLETED,2011-08-09,2017-04-30,2010-11-01,2021-03-26
NCT00833859,"Neoadjuvant Gemcitabine, Docetaxel, and Capecitabine in Combination With Stereotactic Radiosurgery",Pancreatic Neoplasms,PHASE2,H. Lee Moffitt Cancer Center and Research Institute,TERMINATED,2009-03,2010-03,2009-02-02,2017-10-09
NCT01374659,Diagnostic Utility of [18F]-FDG-PET/CT and [124I]-PET/CT for Detection of Recurrence in Differentiated Thyroid Carcinoma,Thyroid Cancer,,Korean Association of Endocrine Surgeons,UNKNOWN,2009-07,2012-08,2011-06-16,2011-06-16
NCT00411580,Safety and Tolerability Study in Patients With Mild to Moderate Alzheimer's Disease (AD),Alzheimer's Disease,PHASE1,Novartis Pharmaceuticals,COMPLETED,2005-06,2008-12,2006-12-14,2013-03-29
NCT02435680,Efficacy Study of MCS110 Given With Carboplatin and Gemcitabine in Advanced Triple Negative Breast Cancer (TNBC),Advanced Triple Negative Breast Cancer (TNBC) With High TAMs,PHASE2,Novartis Pharmaceuticals,COMPLETED,2015-08-10,2020-03-23,2015-05-06,2021-06-21
NCT04369079,Myofascial Versus Conventional Physiotherapy,Sports,NA,The Greater Poland Cancer Centre,COMPLETED,2013-01-01,2014-12-31,2020-04-30,2020-09-02
NCT06629779,A Study to Learn How PF-06821497 (Mevrometostat) Works in Men With Metastatic Castration-resistant Prostate Cancer.,Metastatic Castration-Resistant Prostate Cancer,PHASE3,Pfizer,RECRUITING,2024-10-22,2028-11-30,2024-10-08,2026-07-29
NCT00622479,Mechanistic Evaluation on Sorafenib Induced Hypophosphatemia.,"Carcinoma, Renal Cell",PHASE1,Bayer,TERMINATED,2008-05,2010-11,2008-02-25,2014-12-18
NCT06382779,Proximal Humerus Reconstruction After Resection for Tumors : Comparison Between Allograft Prosthetic Composite and Cement Sleeve Prosthetic Composite,Shoulder Disease,,"Central Hospital, Nancy, France",UNKNOWN,2024-04-15,2024-05-01,2024-04-24,2024-04-24
NCT04543279,Fostamatinib as a Single Agent or in Combination With Ruxolitinib for Treatment of Patients With Myelofibrosis With Severe Thrombocytopenia,Myelofibrosis,PHASE2,Washington University School of Medicine,TERMINATED,2021-05-03,2022-07-30,2020-09-10,2023-12-15
NCT01568996,Pilot Study Evaluating Sulforaphane in Atypical Nevi-Precursor Lesions,Atypical Nevi,EARLY_PHASE1,John Kirkwood,COMPLETED,2012-08,2016-04,2012-04-02,2018-01-09
NCT01204996,A Study of the Safety and Efficacy of CNTO 888 in Combination With SoC (Standard of Care) Chemotherapy in Patients With Solid Tumors,Cancer,PHASE1,"Centocor, Inc.",COMPLETED,2010-05,2011-11,2010-09-20,2012-05-30
NCT01334996,Use of Tamoxifen in Systemic Mastocytosis,Systemic Mastocytosis,,Mayo Clinic,COMPLETED,2005-02,2019-08-28,2011-04-13,2020-04-10
NCT03586596,Mobile Cessation Support for Latino Smokers,Smoking Cessation,NA,University of Rochester,COMPLETED,2018-09-01,2021-09-08,2018-07-13,2024-04-12
NCT06100796,Effect of DM on Outcomes and Response Rate in Patients With Advanced NSCLC on ICI,Non Small Cell Lung Cancer Metastatic,,Assiut University,UNKNOWN,2023-10-01,2024-12-31,2023-10-25,2023-10-25
NCT06095596,Efficacy and Safety of Vedolizumab Combined With Upadacitinib in Patients With Ulcerative Colitis,Ulcerative Colitis (UC),NA,"Sixth Affiliated Hospital, Sun Yat-sen University",RECRUITING,2023-11-01,2026-10-31,2023-10-23,2026-04-28
NCT07581496,T1G3R-1 Trial: Detectability and Prognostic Value of ctDNA in T1 G3 Bladder Cancer,Bladder Cancer,,"University Hospital, Basel, Switzerland",RECRUITING,2025-06-18,2030-06-01,2026-05-12,2026-05-18
NCT01709396,ED-TBI Followed By Allogeneic Stem Cell Transplantation For The Treatment Of Refractory AML And Advanced MDS,Acute Leukemia,PHASE2,Ottawa Hospital Research Institute,SUSPENDED,2012-01,2018-01,2012-10-18,2017-01-12
NCT06857279,A Phase II Clinical Study to Evaluate HLX43 in Subjects With Recurrent or Metastatic Head and Neck Squamous Cell Carcinoma,Carcinoma of Head and/or Neck,PHASE2,Shanghai Henlius Biotech,RECRUITING,2025-04-22,2029-01-30,2025-03-04,2026-03-05
NCT00047879,Phase II Trial of Peginterferon Alpha-2b and Thalidomide in Adults With Recurrent Gliomas,Glioma,PHASE2,National Cancer Institute (NCI),COMPLETED,2002-10,2009-06,2002-10-23,2011-10-26
NCT06545396,Efficacy And Safety Of Illumination Dose Reduction In Red Light Photodynamic Therapy For Actinic Keratoses,Actinic Keratoses,NA,Fundacion para la Investigacion Biomedica del Hospital Universitario Ramon y Cajal,NOT_YET_RECRUITING,2024-08,2025-03,2024-08-09,2024-08-09
NCT05471596,Prospective Analysis of In Vivo Laparoscopic Microwave Ablation Thermodynamics,Liver Diseases,,Wake Forest University Health Sciences,COMPLETED,2022-02-14,2023-11-17,2022-07-25,2024-03-04
NCT04861896,A Research Study for Latina Women With Breast Cancer,"Cancer, Breast",NA,Northwestern University,COMPLETED,2021-04-01,2023-11-07,2021-04-27,2023-11-08
NCT01446562,Y90 Ibritumomab Tiuxetan Post R-CHOP Chemotherapy for Advanced Stage Follicular Lymphoma,Follicular Lymphoma,PHASE2,Sunnybrook Health Sciences Centre,COMPLETED,2007-05,2016-05,2011-10-05,2016-06-17
NCT01931462,Microwave Coagulation in Partial Nephrectomy Protocol,Cancer of Kidney,NA,"University of Wisconsin, Madison",TERMINATED,2014-08,2016-12,2013-08-29,2018-02-26
NCT02088762,Impact of Excision Margins on Survival and Recurrence Rate in Patients With Thick Melanoma (>2mm),Melanoma,,"Insel Gruppe AG, University Hospital Bern",COMPLETED,1997-01,2014-12,2014-03-17,2016-03-31
NCT03997162,Early Recovery After Surgery Protocol in Improving Quality of Life in Participants With Stage 0-IIIC Gastric Cancer Undergoing Surgery,Clinical Stage 0 Gastric Cancer AJCC v8,,City of Hope Medical Center,ACTIVE_NOT_RECRUITING,2018-10-11,2027-01-07,2019-06-25,2026-02-24
NCT05316246,Efficacy and Safety of BV With Tislelizumab for the Treatment of CD30+ Relapsed/Refractory NK/T-cell Lymphoma,NK/T Cell Lymphoma Nos,PHASE2,Shanghai Zhongshan Hospital,UNKNOWN,2022-06-01,2024-12-31,2022-04-07,2022-04-07
NCT06005246,Munich ME/CFS Cohort Study,Myalgic Encephalomyelitis/Chronic Fatigue Syndrome (ME/CFS) (ICD-10 G93.3),,Technical University of Munich,RECRUITING,2019-01-22,2029-01,2023-08-22,2023-08-22
NCT04345146,Bevacizumab Combined With Fractionated Stereotactic Radiotherapy for 1 to 10 Brain Metastases From NSCLC,Non-small Cell Lung Cancer,PHASE2,Sun Yat-sen University,COMPLETED,2020-01-01,2023-03-31,2020-04-14,2023-08-28
NCT02252146,Dose Escalation Study in Patients With Relapsed or Refractory DLBCL and MyD88 L265P Mutation,Diffuse Large B Cell Lymphoma,PHASE1,"Idera Pharmaceuticals, Inc.",COMPLETED,2014-06,2016-12,2014-09-30,2017-12-12
NCT02341846,Exploring New Technologies to Manage Cancer Pain in the Community,Neoplasms,,University of Aberdeen,COMPLETED,2015-02,2015-08,2015-01-19,2016-01-21
NCT02976688,Effects of Short-chain Fatty Acids on Inflammatory and Metabolic Parameters in Maintenance Hemodialysis,Endstage Renal Disease,PHASE2,Azienda Sanitaria ASL Avellino 2,UNKNOWN,2017-01,2017-12,2016-11-29,2016-11-29
NCT05598788,Microsampling Approach for Monitoring of Kinase Inhibitor Targeted Therapies,"Blood Concentrations of Nine Anti-cancer Drugs : Axitinib, Olaparib, regorafénib, Cabozantinib, Niraparib, Talazoparib, Palbociclib, Abemaciclib, Tucatinib",,Rennes University Hospital,COMPLETED,2023-03-03,2025-04-24,2022-10-28,2026-06-12
NCT00666588,"Bortezomib and Combination Chemotherapy in Treating Younger Patients With Recurrent, Refractory, or Secondary Acute Myeloid Leukemia",Adult Acute Monoblastic Leukemia (M5a),PHASE2,National Cancer Institute (NCI),COMPLETED,2008-04,2012-12,2008-04-25,2018-05-22
NCT02747303,Frameless Stereotactic Radiosurgery for Intact Brain Metastases,Brain Metastases,PHASE2,University of Chicago,RECRUITING,2023-09-05,2028-08-22,2016-04-21,2025-12-29
NCT03516903,Effect of Methotrexate Carried by a Lipid Nanoemulsion on Left Ventricular Remodeling After STEMI,"Myocardial Infarction, Anterior Wall",PHASE2,University of Sao Paulo,TERMINATED,2018-04-17,2020-12-17,2018-05-07,2021-01-11
NCT03854903,"WI231696: Bosutinib, Palbocicilib and Fulvestrant for HR+HER2- Advanced Breast Cancer Refractory to a CDK4/6 Inhibitor",Metastatic Breast Cancer,PHASE1,Georgetown University,COMPLETED,2019-04-01,2025-01-09,2019-02-26,2025-02-06
NCT06218303,Prototype DAA/TAA Vaccine Targeting MUC1 for Immune Interception and Prevention in Ductal Carcinoma In Situ,Ductal Carcinoma in Situ,PHASE1,"Finn, Olivera, PhD",RECRUITING,2024-02-07,2029-03-31,2024-01-23,2026-03-12
NCT02670603,A Trial of Evonail® Solution for Prevention or Treatment of Onycholysis,Breast Cancer,NA,Samsung Medical Center,COMPLETED,2015-08,2016-09,2016-02-02,2017-04-28
NCT03770403,A Safety and Tolerability Study of ARGX-113 in Patients With Myasthenia Gravis Who Have Generalized Muscle Weakness.,Generalized Myasthenia Gravis,PHASE3,argenx,COMPLETED,2019-03-01,2022-06-30,2018-12-10,2023-07-14
NCT07155603,Visual Aids for Colonoscopy Preparation: A Prospective Study on Patient Understanding and Bowel Cleanliness in Colonoscopy Patients,The Effect of Audio-visual Aids on Bowel Cleanliness,NA,Prof. Dr. Jörg Leuppi,NOT_YET_RECRUITING,2025-09,2028-12-15,2025-09-04,2025-09-04
NCT00915603,Trial of Paclitaxel/Bevacizumab +/- Everolimus for Patients With HER2-Negative Metastatic Breast Cancer,Metastatic Breast Cancer,PHASE2,"SCRI Development Innovations, LLC",COMPLETED,2009-07,2014-07,2009-06-08,2014-12-22
NCT07696403,Cardiometabolic Effects of the Recommended Daily Pecan Intake Dose,"Nutrition, Healthy",NA,University of Georgia,NOT_YET_RECRUITING,2026-08,2029-07,2026-07-10,2026-07-13
NCT01255527,Evaluating the Efficacy and Safety of the Lower Dose of Bortezomib Plus Busulfan and Melphalan as a Conditioning Regimen in Patients With Multiple Myeloma Undergoing Autologous Peripheral Blood Stem Cell Transplantation- KMM103 Study,Multiple Myeloma Patients Who Candidate for Autologous Peripheral Blood Stem Cell Transplantation,PHASE1,Yonsei University,UNKNOWN,2010-10,2014-12,2010-12-07,2013-06-04
NCT06802627,Prehabilitation for Lung Cancer Patients Undergoing Lung Resection,Lung Cancer,NA,Universidade do Porto,NOT_YET_RECRUITING,2025-03-01,2027-11-30,2025-01-31,2025-01-31
NCT01288261,Paclitaxel and Bavituximab in Treating Patients With HER2-Negative Metastatic Breast Cancer,Human Epidermal Growth Factor 2 Negative Carcinoma of Breast,PHASE1,University of Arizona,COMPLETED,2011-01,2015-07,2011-02-02,2016-04-21
NCT01884961,Radiotherapy As an Immunological Booster in Patients with Metastatic Melanoma or Renal Cell Carcinoma Treated with High-dose Interleukin-2,Metastatic Renal Cell Cancer,PHASE2,Istituto Romagnolo per lo Studio dei Tumori Dino Amadori IRST S.r.l. IRCCS,COMPLETED,2012-07-09,2025-01,2013-06-24,2025-01-13
NCT07294547,Is Valacyclovir Non-inferior to Valganciclovir as CMV and EBV Prophylaxis in Kidney Transplant Recipients? A Single-Center Prospective Randomized Pilot Study,"Kidney Transplantation, Cytomegalovirus Infections",NA,National Taiwan University Hospital,RECRUITING,2025-11-27,2030-12,2025-12-19,2025-12-19
NCT02553447,Cholecalciferol in Newly Diagnosed Non-Hodgkin Lymphoma or Chronic Lymphocytic Leukemia With Vitamin D Deficiency,Chronic Lymphocytic Leukemia,NA,University of Nebraska,COMPLETED,2015-10-19,2025-04-12,2015-09-17,2026-04-21
NCT04538547,Randomized Trial to Evaluate Accelerated Radiotherapy in Locally Advanced Carcinoma of Nasopharynx,"Carcinoma, Nasopharyngeal",NA,"Post Graduate Institute of Medical Education and Research, Chandigarh",UNKNOWN,2019-09-16,2022-09,2020-09-04,2020-09-04
NCT05612347,Colonoscopy vs Stool Testing for Older Adults With Colon Polyps,Colorectal Polyp,NA,Dartmouth-Hitchcock Medical Center,RECRUITING,2023-06-14,2035-12-31,2022-11-10,2026-07-14
NCT02517749,Out Patient Talc Slurry Via Indwelling Pleural Catheter for Malignant Pleural Effusion Vs Usual Inpatient Management,"Pleural Effusion, Malignant",NA,Guy's and St Thomas' NHS Foundation Trust,COMPLETED,2015-08,2020-03,2015-08-07,2023-11-24
NCT05754749,Comparison of CE-DBT and MRI in Patients With Known Breast Lesions,Breast Cancer,EARLY_PHASE1,UNC Lineberger Comprehensive Cancer Center,TERMINATED,2023-03-13,2026-05-20,2023-03-06,2026-07-27
NCT02233049,Biological Medicine for Diffuse Intrinsic Pontine Glioma (DIPG) Eradication,Diffuse Intrinsic Pontine Glioma,PHASE2,"Gustave Roussy, Cancer Campus, Grand Paris",UNKNOWN,2014-10,2018-10,2014-09-08,2018-07-23
NCT00821249,A Study of ARRY-520 in Patients With Relapsed or Refractory Multiple Myeloma,Multiple Myeloma,PHASE1,Pfizer,COMPLETED,2009-01,2016-03-16,2009-01-13,2020-10-19
NCT02006849,ACTH Treatment of APOL1- Associated Nephropathy,Kidney Disease,NA,Wake Forest University Health Sciences,WITHDRAWN,2014-01,2019-01,2013-12-10,2017-11-07
NCT05693038,Brachial Plexus Injury After Prone Positioning,Brachial Plexus Injury,,"Fondazione IRCCS Ca' Granda, Ospedale Maggiore Policlinico",COMPLETED,2022-04-06,2025-09-30,2023-01-20,2026-07-17
NCT03571438,Evaluation of a Promising New Combination of Protein Kinase Inhibitors on Organotypic Cultures of Human Renal Tumors,Kidney Cancer,NA,"University Hospital, Grenoble",UNKNOWN,2017-10-16,2024-09-30,2018-06-27,2020-01-18
NCT01572038,A Study of Pertuzumab in Combination With Trastuzumab (Herceptin) and a Taxane in First-Line Treatment in Participants With Human Epidermal Growth Factor 2 (HER2)-Positive Advanced Breast Cancer,Breast Neoplasms,PHASE3,Hoffmann-La Roche,COMPLETED,2012-06-01,2019-09-20,2012-04-05,2020-09-25
NCT07221838,A Study to Investigate OCS Tapering in Adult Participants With Generalized Myasthenia Gravis Treated With Ravulizumab,Generalized Myasthenia Gravis,PHASE4,"Alexion Pharmaceuticals, Inc.",RECRUITING,2026-03-04,2027-08-27,2025-10-28,2026-04-09
