detected_at,change_type,nct_id,changed_fields,previous_status,current_status,previous_last_update_posted_date,current_last_update_posted_date
2026-08-05T14:43:07.347729+00:00,UPDATED,NCT07051525,"phase,first_posted_date,last_update_posted_date",RECRUITING,RECRUITING,,2025-12-15
2026-08-05T14:43:07.347729+00:00,UPDATED,NCT03763825,"phase,first_posted_date,last_update_posted_date",UNKNOWN,UNKNOWN,,2019-05-31
2026-08-05T14:43:07.347729+00:00,UPDATED,NCT04074135,"first_posted_date,last_update_posted_date",RECRUITING,RECRUITING,,2026-04-20
2026-08-05T14:43:07.347729+00:00,UPDATED,NCT06275035,"first_posted_date,last_update_posted_date",RECRUITING,RECRUITING,,2025-04-09
2026-08-05T14:43:07.347729+00:00,UPDATED,NCT03014076,"first_posted_date,last_update_posted_date",COMPLETED,COMPLETED,,2017-01-09
2026-08-05T14:43:07.347729+00:00,UPDATED,NCT02416908,"first_posted_date,last_update_posted_date",COMPLETED,COMPLETED,,2020-03-13
2026-08-05T14:43:07.347729+00:00,UPDATED,NCT07038317,"phase,first_posted_date,last_update_posted_date",NOT_YET_RECRUITING,NOT_YET_RECRUITING,,2026-06-12
2026-08-05T14:43:07.347729+00:00,UPDATED,NCT00039117,"first_posted_date,last_update_posted_date",COMPLETED,COMPLETED,,2015-12-04
2026-08-05T14:43:07.347729+00:00,UPDATED,NCT03900117,"first_posted_date,last_update_posted_date",COMPLETED,COMPLETED,,2022-10-27
2026-08-05T14:43:07.347729+00:00,UPDATED,NCT00687440,"first_posted_date,last_update_posted_date",COMPLETED,COMPLETED,,2018-07-03
2026-08-05T14:43:07.347729+00:00,UPDATED,NCT01924689,"first_posted_date,last_update_posted_date",COMPLETED,COMPLETED,,2019-09-09
2026-08-05T14:43:07.347729+00:00,UPDATED,NCT05628350,"phase,first_posted_date,last_update_posted_date",COMPLETED,COMPLETED,,2026-01-22
2026-08-05T14:43:07.347729+00:00,UPDATED,NCT06392191,"phase,first_posted_date,last_update_posted_date",COMPLETED,COMPLETED,,2025-07-01
2026-08-05T14:43:07.347729+00:00,UPDATED,NCT00401674,"first_posted_date,last_update_posted_date",COMPLETED,COMPLETED,,2016-01-14
2026-08-05T14:43:07.347729+00:00,UPDATED,NCT00006174,"first_posted_date,last_update_posted_date",COMPLETED,COMPLETED,,2017-07-02
2026-08-05T14:43:07.347729+00:00,UPDATED,NCT03385018,"phase,first_posted_date,last_update_posted_date",RECRUITING,RECRUITING,,2019-03-19
2026-08-05T14:43:07.347729+00:00,UPDATED,NCT00352118,"first_posted_date,last_update_posted_date",TERMINATED,TERMINATED,,2017-12-28
2026-08-05T14:43:07.347729+00:00,UPDATED,NCT03557918,"first_posted_date,last_update_posted_date",COMPLETED,COMPLETED,,2024-07-03
2026-08-05T14:43:07.347729+00:00,UPDATED,NCT06196918,"phase,first_posted_date,last_update_posted_date",UNKNOWN,UNKNOWN,,2024-01-09
2026-08-05T14:43:07.347729+00:00,UPDATED,NCT00408590,"first_posted_date,last_update_posted_date",COMPLETED,COMPLETED,,2024-01-16
2026-08-05T14:43:07.347729+00:00,UPDATED,NCT02548390,"first_posted_date,last_update_posted_date",TERMINATED,TERMINATED,,2019-04-25
2026-08-05T14:43:07.347729+00:00,UPDATED,NCT00459290,"first_posted_date,last_update_posted_date",COMPLETED,COMPLETED,,2018-07-18
2026-08-05T14:43:07.347729+00:00,UPDATED,NCT02227797,"first_posted_date,last_update_posted_date",COMPLETED,COMPLETED,,2019-04-29
2026-08-05T14:43:07.347729+00:00,UPDATED,NCT04336397,"phase,first_posted_date,last_update_posted_date",COMPLETED,COMPLETED,,2025-11-19
2026-08-05T14:43:07.347729+00:00,UPDATED,NCT06441110,"first_posted_date,last_update_posted_date",RECRUITING,RECRUITING,,2024-06-04
2026-08-05T14:43:07.347729+00:00,UPDATED,NCT02213913,"first_posted_date,last_update_posted_date",COMPLETED,COMPLETED,,2026-03-11
2026-08-05T14:43:07.347729+00:00,UPDATED,NCT04127760,"phase,first_posted_date,last_update_posted_date",NOT_YET_RECRUITING,NOT_YET_RECRUITING,,2019-10-16
2026-08-05T14:43:07.347729+00:00,UPDATED,NCT07588360,"phase,first_posted_date,last_update_posted_date",RECRUITING,RECRUITING,,2026-06-10
2026-08-05T14:43:07.347729+00:00,UPDATED,NCT03391960,"phase,first_posted_date,last_update_posted_date",COMPLETED,COMPLETED,,2024-10-02
2026-08-05T14:43:07.347729+00:00,UPDATED,NCT05359120,"first_posted_date,last_update_posted_date",UNKNOWN,UNKNOWN,,2022-09-19
2026-08-05T14:43:07.347729+00:00,UPDATED,NCT03836820,"phase,first_posted_date,last_update_posted_date",UNKNOWN,UNKNOWN,,2019-02-11
2026-08-05T14:43:07.347729+00:00,UPDATED,NCT00365820,"first_posted_date,last_update_posted_date",TERMINATED,TERMINATED,,2012-04-20
2026-08-05T14:43:07.347729+00:00,UPDATED,NCT07310420,"first_posted_date,last_update_posted_date",RECRUITING,RECRUITING,,2026-08-04
2026-08-05T14:43:07.347729+00:00,UPDATED,NCT05097820,"first_posted_date,last_update_posted_date",RECRUITING,RECRUITING,,2024-09-19
2026-08-05T14:43:07.347729+00:00,UPDATED,NCT05896020,"first_posted_date,last_update_posted_date",UNKNOWN,UNKNOWN,,2023-08-22
2026-08-05T14:43:07.347729+00:00,UPDATED,NCT07617220,"phase,first_posted_date,last_update_posted_date",NOT_YET_RECRUITING,NOT_YET_RECRUITING,,2026-06-01
2026-08-05T14:43:07.347729+00:00,UPDATED,NCT02801682,"first_posted_date,last_update_posted_date",COMPLETED,COMPLETED,,2021-09-22
2026-08-05T14:43:07.347729+00:00,UPDATED,NCT00683059,"first_posted_date,last_update_posted_date",COMPLETED,COMPLETED,,2016-10-17
2026-08-05T14:43:07.347729+00:00,UPDATED,NCT00008359,"first_posted_date,last_update_posted_date",COMPLETED,COMPLETED,,2013-01-18
2026-08-05T14:43:07.347729+00:00,UPDATED,NCT01231659,"first_posted_date,last_update_posted_date",COMPLETED,COMPLETED,,2021-03-26
2026-08-05T14:43:07.347729+00:00,UPDATED,NCT00833859,"first_posted_date,last_update_posted_date",TERMINATED,TERMINATED,,2017-10-09
2026-08-05T14:43:07.347729+00:00,UPDATED,NCT01374659,"first_posted_date,last_update_posted_date",UNKNOWN,UNKNOWN,,2011-06-16
2026-08-05T14:43:07.347729+00:00,UPDATED,NCT00411580,"first_posted_date,last_update_posted_date",COMPLETED,COMPLETED,,2013-03-29
2026-08-05T14:43:07.347729+00:00,UPDATED,NCT02435680,"first_posted_date,last_update_posted_date",COMPLETED,COMPLETED,,2021-06-21
2026-08-05T14:43:07.347729+00:00,UPDATED,NCT04369079,"phase,first_posted_date,last_update_posted_date",COMPLETED,COMPLETED,,2020-09-02
2026-08-05T14:43:07.347729+00:00,UPDATED,NCT06629779,"first_posted_date,last_update_posted_date",RECRUITING,RECRUITING,,2026-07-29
2026-08-05T14:43:07.347729+00:00,UPDATED,NCT00622479,"first_posted_date,last_update_posted_date",TERMINATED,TERMINATED,,2014-12-18
2026-08-05T14:43:07.347729+00:00,UPDATED,NCT06382779,"first_posted_date,last_update_posted_date",UNKNOWN,UNKNOWN,,2024-04-24
2026-08-05T14:43:07.347729+00:00,UPDATED,NCT04543279,"first_posted_date,last_update_posted_date",TERMINATED,TERMINATED,,2023-12-15
2026-08-05T14:43:07.347729+00:00,UPDATED,NCT01568996,"first_posted_date,last_update_posted_date",COMPLETED,COMPLETED,,2018-01-09
2026-08-05T14:43:07.347729+00:00,UPDATED,NCT01204996,"first_posted_date,last_update_posted_date",COMPLETED,COMPLETED,,2012-05-30
2026-08-05T14:43:07.347729+00:00,UPDATED,NCT01334996,"first_posted_date,last_update_posted_date",COMPLETED,COMPLETED,,2020-04-10
2026-08-05T14:43:07.347729+00:00,UPDATED,NCT03586596,"phase,first_posted_date,last_update_posted_date",COMPLETED,COMPLETED,,2024-04-12
2026-08-05T14:43:07.347729+00:00,UPDATED,NCT06100796,"first_posted_date,last_update_posted_date",UNKNOWN,UNKNOWN,,2023-10-25
2026-08-05T14:43:07.347729+00:00,UPDATED,NCT06095596,"phase,first_posted_date,last_update_posted_date",RECRUITING,RECRUITING,,2026-04-28
2026-08-05T14:43:07.347729+00:00,UPDATED,NCT07581496,"first_posted_date,last_update_posted_date",RECRUITING,RECRUITING,,2026-05-18
2026-08-05T14:43:07.347729+00:00,UPDATED,NCT01709396,"first_posted_date,last_update_posted_date",SUSPENDED,SUSPENDED,,2017-01-12
2026-08-05T14:43:07.347729+00:00,UPDATED,NCT06857279,"first_posted_date,last_update_posted_date",RECRUITING,RECRUITING,,2026-03-05
2026-08-05T14:43:07.347729+00:00,UPDATED,NCT00047879,"first_posted_date,last_update_posted_date",COMPLETED,COMPLETED,,2011-10-26
2026-08-05T14:43:07.347729+00:00,UPDATED,NCT06545396,"phase,first_posted_date,last_update_posted_date",NOT_YET_RECRUITING,NOT_YET_RECRUITING,,2024-08-09
2026-08-05T14:43:07.347729+00:00,UPDATED,NCT05471596,"first_posted_date,last_update_posted_date",COMPLETED,COMPLETED,,2024-03-04
2026-08-05T14:43:07.347729+00:00,UPDATED,NCT04861896,"phase,first_posted_date,last_update_posted_date",COMPLETED,COMPLETED,,2023-11-08
2026-08-05T14:43:07.347729+00:00,UPDATED,NCT01446562,"first_posted_date,last_update_posted_date",COMPLETED,COMPLETED,,2016-06-17
2026-08-05T14:43:07.347729+00:00,UPDATED,NCT01931462,"phase,first_posted_date,last_update_posted_date",TERMINATED,TERMINATED,,2018-02-26
2026-08-05T14:43:07.347729+00:00,UPDATED,NCT02088762,"first_posted_date,last_update_posted_date",COMPLETED,COMPLETED,,2016-03-31
2026-08-05T14:43:07.347729+00:00,UPDATED,NCT03997162,"first_posted_date,last_update_posted_date",ACTIVE_NOT_RECRUITING,ACTIVE_NOT_RECRUITING,,2026-02-24
2026-08-05T14:43:07.347729+00:00,UPDATED,NCT05316246,"first_posted_date,last_update_posted_date",UNKNOWN,UNKNOWN,,2022-04-07
2026-08-05T14:43:07.347729+00:00,UPDATED,NCT06005246,"first_posted_date,last_update_posted_date",RECRUITING,RECRUITING,,2023-08-22
2026-08-05T14:43:07.347729+00:00,UPDATED,NCT04345146,"first_posted_date,last_update_posted_date",COMPLETED,COMPLETED,,2023-08-28
2026-08-05T14:43:07.347729+00:00,UPDATED,NCT02252146,"first_posted_date,last_update_posted_date",COMPLETED,COMPLETED,,2017-12-12
2026-08-05T14:43:07.347729+00:00,UPDATED,NCT02341846,"first_posted_date,last_update_posted_date",COMPLETED,COMPLETED,,2016-01-21
2026-08-05T14:43:07.347729+00:00,UPDATED,NCT02976688,"first_posted_date,last_update_posted_date",UNKNOWN,UNKNOWN,,2016-11-29
2026-08-05T14:43:07.347729+00:00,UPDATED,NCT05598788,"first_posted_date,last_update_posted_date",COMPLETED,COMPLETED,,2026-06-12
2026-08-05T14:43:07.347729+00:00,UPDATED,NCT00666588,"first_posted_date,last_update_posted_date",COMPLETED,COMPLETED,,2018-05-22
2026-08-05T14:43:07.347729+00:00,UPDATED,NCT02747303,"first_posted_date,last_update_posted_date",RECRUITING,RECRUITING,,2025-12-29
2026-08-05T14:43:07.347729+00:00,UPDATED,NCT03516903,"first_posted_date,last_update_posted_date",TERMINATED,TERMINATED,,2021-01-11
2026-08-05T14:43:07.347729+00:00,UPDATED,NCT03854903,"first_posted_date,last_update_posted_date",COMPLETED,COMPLETED,,2025-02-06
2026-08-05T14:43:07.347729+00:00,UPDATED,NCT06218303,"first_posted_date,last_update_posted_date",RECRUITING,RECRUITING,,2026-03-12
2026-08-05T14:43:07.347729+00:00,UPDATED,NCT02670603,"phase,first_posted_date,last_update_posted_date",COMPLETED,COMPLETED,,2017-04-28
2026-08-05T14:43:07.347729+00:00,UPDATED,NCT03770403,"first_posted_date,last_update_posted_date",COMPLETED,COMPLETED,,2023-07-14
2026-08-05T14:43:07.347729+00:00,UPDATED,NCT07155603,"phase,first_posted_date,last_update_posted_date",NOT_YET_RECRUITING,NOT_YET_RECRUITING,,2025-09-04
2026-08-05T14:43:07.347729+00:00,UPDATED,NCT00915603,"first_posted_date,last_update_posted_date",COMPLETED,COMPLETED,,2014-12-22
2026-08-05T14:43:07.347729+00:00,UPDATED,NCT07696403,"phase,first_posted_date,last_update_posted_date",NOT_YET_RECRUITING,NOT_YET_RECRUITING,,2026-07-13
2026-08-05T14:43:07.347729+00:00,UPDATED,NCT01255527,"first_posted_date,last_update_posted_date",UNKNOWN,UNKNOWN,,2013-06-04
2026-08-05T14:43:07.347729+00:00,UPDATED,NCT06802627,"phase,first_posted_date,last_update_posted_date",NOT_YET_RECRUITING,NOT_YET_RECRUITING,,2025-01-31
2026-08-05T14:43:07.347729+00:00,UPDATED,NCT01288261,"first_posted_date,last_update_posted_date",COMPLETED,COMPLETED,,2016-04-21
2026-08-05T14:43:07.347729+00:00,UPDATED,NCT01884961,"first_posted_date,last_update_posted_date",COMPLETED,COMPLETED,,2025-01-13
2026-08-05T14:43:07.347729+00:00,UPDATED,NCT07294547,"phase,first_posted_date,last_update_posted_date",RECRUITING,RECRUITING,,2025-12-19
2026-08-05T14:43:07.347729+00:00,UPDATED,NCT02553447,"phase,first_posted_date,last_update_posted_date",COMPLETED,COMPLETED,,2026-04-21
2026-08-05T14:43:07.347729+00:00,UPDATED,NCT04538547,"phase,first_posted_date,last_update_posted_date",UNKNOWN,UNKNOWN,,2020-09-04
2026-08-05T14:43:07.347729+00:00,UPDATED,NCT05612347,"phase,first_posted_date,last_update_posted_date",RECRUITING,RECRUITING,,2026-07-14
2026-08-05T14:43:07.347729+00:00,UPDATED,NCT02517749,"phase,first_posted_date,last_update_posted_date",COMPLETED,COMPLETED,,2023-11-24
2026-08-05T14:43:07.347729+00:00,UPDATED,NCT05754749,"first_posted_date,last_update_posted_date",TERMINATED,TERMINATED,,2026-07-27
2026-08-05T14:43:07.347729+00:00,UPDATED,NCT02233049,"first_posted_date,last_update_posted_date",UNKNOWN,UNKNOWN,,2018-07-23
2026-08-05T14:43:07.347729+00:00,UPDATED,NCT00821249,"first_posted_date,last_update_posted_date",COMPLETED,COMPLETED,,2020-10-19
2026-08-05T14:43:07.347729+00:00,UPDATED,NCT02006849,"phase,first_posted_date,last_update_posted_date",WITHDRAWN,WITHDRAWN,,2017-11-07
2026-08-05T14:43:07.347729+00:00,UPDATED,NCT05693038,"first_posted_date,last_update_posted_date",COMPLETED,COMPLETED,,2026-07-17
2026-08-05T14:43:07.347729+00:00,UPDATED,NCT03571438,"phase,first_posted_date,last_update_posted_date",UNKNOWN,UNKNOWN,,2020-01-18
2026-08-05T14:43:07.347729+00:00,UPDATED,NCT01572038,"first_posted_date,last_update_posted_date",COMPLETED,COMPLETED,,2020-09-25
2026-08-05T14:43:07.347729+00:00,UPDATED,NCT07221838,"first_posted_date,last_update_posted_date",RECRUITING,RECRUITING,,2026-04-09
2026-08-05T14:43:16.373204+00:00,UPDATED,NCT07051525,phase,RECRUITING,RECRUITING,2025-12-15,2025-12-15
2026-08-05T14:43:16.373204+00:00,UPDATED,NCT03763825,phase,UNKNOWN,UNKNOWN,2019-05-31,2019-05-31
2026-08-05T14:43:16.373204+00:00,UPDATED,NCT07038317,phase,NOT_YET_RECRUITING,NOT_YET_RECRUITING,2026-06-12,2026-06-12
2026-08-05T14:43:16.373204+00:00,UPDATED,NCT05628350,phase,COMPLETED,COMPLETED,2026-01-22,2026-01-22
2026-08-05T14:43:16.373204+00:00,UPDATED,NCT06392191,phase,COMPLETED,COMPLETED,2025-07-01,2025-07-01
2026-08-05T14:43:16.373204+00:00,UPDATED,NCT03385018,phase,RECRUITING,RECRUITING,2019-03-19,2019-03-19
2026-08-05T14:43:16.373204+00:00,UPDATED,NCT06196918,phase,UNKNOWN,UNKNOWN,2024-01-09,2024-01-09
2026-08-05T14:43:16.373204+00:00,UPDATED,NCT04336397,phase,COMPLETED,COMPLETED,2025-11-19,2025-11-19
2026-08-05T14:43:16.373204+00:00,UPDATED,NCT04127760,phase,NOT_YET_RECRUITING,NOT_YET_RECRUITING,2019-10-16,2019-10-16
2026-08-05T14:43:16.373204+00:00,UPDATED,NCT07588360,phase,RECRUITING,RECRUITING,2026-06-10,2026-06-10
2026-08-05T14:43:16.373204+00:00,UPDATED,NCT03391960,phase,COMPLETED,COMPLETED,2024-10-02,2024-10-02
2026-08-05T14:43:16.373204+00:00,UPDATED,NCT03836820,phase,UNKNOWN,UNKNOWN,2019-02-11,2019-02-11
2026-08-05T14:43:16.373204+00:00,UPDATED,NCT07617220,phase,NOT_YET_RECRUITING,NOT_YET_RECRUITING,2026-06-01,2026-06-01
2026-08-05T14:43:16.373204+00:00,UPDATED,NCT04369079,phase,COMPLETED,COMPLETED,2020-09-02,2020-09-02
2026-08-05T14:43:16.373204+00:00,UPDATED,NCT03586596,phase,COMPLETED,COMPLETED,2024-04-12,2024-04-12
2026-08-05T14:43:16.373204+00:00,UPDATED,NCT06095596,phase,RECRUITING,RECRUITING,2026-04-28,2026-04-28
2026-08-05T14:43:16.373204+00:00,UPDATED,NCT06545396,phase,NOT_YET_RECRUITING,NOT_YET_RECRUITING,2024-08-09,2024-08-09
2026-08-05T14:43:16.373204+00:00,UPDATED,NCT04861896,phase,COMPLETED,COMPLETED,2023-11-08,2023-11-08
2026-08-05T14:43:16.373204+00:00,UPDATED,NCT01931462,phase,TERMINATED,TERMINATED,2018-02-26,2018-02-26
2026-08-05T14:43:16.373204+00:00,UPDATED,NCT02670603,phase,COMPLETED,COMPLETED,2017-04-28,2017-04-28
2026-08-05T14:43:16.373204+00:00,UPDATED,NCT07155603,phase,NOT_YET_RECRUITING,NOT_YET_RECRUITING,2025-09-04,2025-09-04
2026-08-05T14:43:16.373204+00:00,UPDATED,NCT07696403,phase,NOT_YET_RECRUITING,NOT_YET_RECRUITING,2026-07-13,2026-07-13
2026-08-05T14:43:16.373204+00:00,UPDATED,NCT06802627,phase,NOT_YET_RECRUITING,NOT_YET_RECRUITING,2025-01-31,2025-01-31
2026-08-05T14:43:16.373204+00:00,UPDATED,NCT07294547,phase,RECRUITING,RECRUITING,2025-12-19,2025-12-19
2026-08-05T14:43:16.373204+00:00,UPDATED,NCT02553447,phase,COMPLETED,COMPLETED,2026-04-21,2026-04-21
2026-08-05T14:43:16.373204+00:00,UPDATED,NCT04538547,phase,UNKNOWN,UNKNOWN,2020-09-04,2020-09-04
2026-08-05T14:43:16.373204+00:00,UPDATED,NCT05612347,phase,RECRUITING,RECRUITING,2026-07-14,2026-07-14
2026-08-05T14:43:16.373204+00:00,UPDATED,NCT02517749,phase,COMPLETED,COMPLETED,2023-11-24,2023-11-24
2026-08-05T14:43:16.373204+00:00,UPDATED,NCT02006849,phase,WITHDRAWN,WITHDRAWN,2017-11-07,2017-11-07
2026-08-05T14:43:16.373204+00:00,UPDATED,NCT03571438,phase,UNKNOWN,UNKNOWN,2020-01-18,2020-01-18
